page,module,page_title,visual,chart_type,metric,formula_as_stated,source_in_report_estimated,filters,notes
1,Home,InsurTool - IFRS17 FY2026 Analysis,Navigator,buttons,-,-,-,-,"8 כפתורים: Overview, P&C, New Business - Life & Health, CSM Life & Health, Health, Life, Investments Contracts, Annex. אין מודול CSM נפרד בעמודים; הכפתור מוביל לעמודי CSM שב-Overview/New Business"
2,Home,Disclaimer,Text,text,-,-,-,-,"© 2026 Kost Forer Gabbay & Kasierer. מידע כללי, לא ייעוץ"
3,Overview,Overview (menu),Section menu,buttons,-,-,-,-,11 עמודי משנה
4,Overview,FY Q2 2026 Main KPIs,KPI card: Net Underwriting Profit,card,Net Underwriting Profit,לא מוגדר בעמוד,דוחות כספיים / דוח כושר פירעון / מחיר שוק (משוער),Year; Quarter; Type; Add Adjusted Profit?,סך שוק. +YoY
4,Overview,FY Q2 2026 Main KPIs,KPI card: Financial Result,card,Financial Result,לא מוגדר בעמוד,דוחות כספיים / דוח כושר פירעון / מחיר שוק (משוער),Year; Quarter; Type; Add Adjusted Profit?,סך שוק. +YoY
4,Overview,FY Q2 2026 Main KPIs,KPI card: Shareholders Equity,card,Shareholders Equity,לא מוגדר בעמוד,דוחות כספיים / דוח כושר פירעון / מחיר שוק (משוער),Year; Quarter; Type; Add Adjusted Profit?,סך שוק. +שינוי
4,Overview,FY Q2 2026 Main KPIs,KPI card: Net CSM,card,Net CSM,לא מוגדר בעמוד,דוחות כספיים / דוח כושר פירעון / מחיר שוק (משוער),Year; Quarter; Type; Add Adjusted Profit?,סך שוק. ליום 30.6.2026
4,Overview,FY Q2 2026 Main KPIs,KPI card: Solvency Ratio (w/o Transitional Measures),card,Solvency Ratio (w/o Transitional Measures),לא מוגדר בעמוד,דוחות כספיים / דוח כושר פירעון / מחיר שוק (משוער),Year; Quarter; Type; Add Adjusted Profit?,סך שוק. ליום 31.12.2025
4,Overview,FY Q2 2026 Main KPIs,KPI card: Solvency Ratio (with Transitional Measures),card,Solvency Ratio (with Transitional Measures),לא מוגדר בעמוד,דוחות כספיים / דוח כושר פירעון / מחיר שוק (משוער),Year; Quarter; Type; Add Adjusted Profit?,סך שוק. ליום 31.12.2025
4,Overview,FY Q2 2026 Main KPIs,KPI card: Market Cap,card,Market Cap,לא מוגדר בעמוד,דוחות כספיים / דוח כושר פירעון / מחיר שוק (משוער),Year; Quarter; Type; Add Adjusted Profit?,סך שוק. ליום 31.8.2026
4,Overview,FY Q2 2026 Main KPIs,KPI card: Net Comprehensive Income (Attributed to Shareholders),card,Net Comprehensive Income (Attributed to Shareholders),לא מוגדר בעמוד,דוחות כספיים / דוח כושר פירעון / מחיר שוק (משוער),Year; Quarter; Type; Add Adjusted Profit?,סך שוק. +YoY
4,Overview,FY Q2 2026 Main KPIs,KPI card: ROE,card,ROE,לא מוגדר בעמוד,דוחות כספיים / דוח כושר פירעון / מחיר שוק (משוער),Year; Quarter; Type; Add Adjusted Profit?,סך שוק. +שינוי
4,Overview,FY Q2 2026 Main KPIs,KPI card: Dividend,card,Dividend,לא מוגדר בעמוד,דוחות כספיים / דוח כושר פירעון / מחיר שוק (משוער),Year; Quarter; Type; Add Adjusted Profit?,סך שוק. +שינוי
4,Overview,FY Q2 2026 Main KPIs,KPI card: AUM,card,AUM,לא מוגדר בעמוד,דוחות כספיים / דוח כושר פירעון / מחיר שוק (משוער),Year; Quarter; Type; Add Adjusted Profit?,סך שוק. +שינוי
4,Overview,FY Q2 2026 Main KPIs,KPI card: Price to Earnings Ratio,card,Price to Earnings Ratio,ראה עמ' 12,דוחות כספיים / דוח כושר פירעון / מחיר שוק (משוער),Year; Quarter; Type; Add Adjusted Profit?,סך שוק. ראה עמ' 12
4,Overview,FY Q2 2026 Main KPIs,KPI card: Price to Book Ratio,card,Price to Book Ratio,ראה עמ' 12,דוחות כספיים / דוח כושר פירעון / מחיר שוק (משוער),Year; Quarter; Type; Add Adjusted Profit?,סך שוק. ראה עמ' 12
4,Overview,FY Q2 2026 Main KPIs,Ranked bars by company + Whole Market,clustered column,Net comprehensive income | Total comprehensive income before Tax (toggle),לא מוגדר בעמוד,דוח רווח כולל מאוחד (משוער),Year; Quarter; Type; Add Adjusted Profit?,18 ישויות. * Adjusted = Non GAAP כהגדרת כל חברה. ** Q4 = שנה מלאה. David Shield: USD × שער ממוצע
5,Overview,Total Comprehensive Income before Tax Adjusted*,2025 vs 2026 by company,clustered column,Adjusted total comprehensive income before tax,"Non GAAP, כהגדרת כל חברה, כולל מגזרים (ראה Annex)",דוח דירקטוריון / מצגת משקיעים (משוער),Type; Quarter; Company,"8 חברות מדווחות Adjusted: Phoenix, Harel, Menora Holdings, Migdal, Clal, Ayalon, Wesure Globaltech, Wesure Insurance"
5,Overview,Total Comprehensive Income before Tax Adjusted*,Whole Market 2025 vs 2026,clustered column,Adjusted TCI before tax - market total,סכום החברות,-,Type; Quarter,
5,Overview,Total Comprehensive Income before Tax Adjusted*,YoY Q2 2026,clustered column,YoY % of adjusted TCI,(2026/2025)-1,-,Type; Quarter; Company,Whole Market מוצג כעמודה אפורה בתוך הדירוג
6,Overview,Total Comprehensive Income before Tax *,Stacked by company + Whole Market,stacked column,TCI before tax split: Insurance | Other financial profit,"Insurance = P&C + Life + Health + מגזר הון של חברת הביטוח. Other financial profit = Pension & Provident, Investment contracts, Credit, Agencies etc.",ביאור מגזרים (משוער),Financial Statements/Adjusted; Year; Quarter; Type; Company,TCI ברמת האחזקות כשרלוונטי. תוויות ערך + % מהסך
7,Overview,Total Comprehensive Income before Tax Breakdown,Stacked by segment + Whole Market,stacked column,TCI before tax by segment: Health | P&C | Life | Equity | Life and Health risk product,לא מוגדר בעמוד,ביאור מגזרים (משוער),Financial Statements/Adjusted; Insurance/Other financial profit; Year; Quarter; Type; Company,"Phoenix+Menora: כולל הקצאת רווחי השקעה, מימון והוצאות תפעול אחרות ממגזר ההון למגזרי הביטוח. Menora: Life = LTS בלבד"
8,Overview,Assets Under Management,Stacked AUM by company,stacked column,AUM: Asset Management | Insurance | Nostro,"AUM Insurance = חוזים משתתפים ולא משתתפים. AUM Asset Management = פנסיה וגמל, חוזי השקעה, בית השקעות",דוח דירקטוריון (משוער),Year; Quarter; Type(Cumulative); Company,8 חברות. Whole Market 2.9 טריליון
8,Overview,Assets Under Management,% Quarter Change,stacked column,QoQ % change in AUM,(AUM_t/AUM_t-1)-1,-,Year; Quarter; Company,
9,Overview,Comprehensive Income before Tax Breakdown (Net of reinsurance),Stacked by component + Whole Market,stacked column,Underwriting Profit | Financial Result | Other Insurance Operating Costs | Other,לא מוגדר בעמוד,דוח רווח והפסד IFRS 17 + ביאור מגזרים (משוער),Year(2025/2026); Quarter(Q1/Q2); Type(Cumulative/Incremental); Company,"Phoenix+Menora: כולל הקצאת רווחי השקעה, מימון והוצאות תפעול אחרות ממגזר ההון למגזרי הביטוח; סכום ההקצאה מוצג בתוך Financial Result"
10,Overview,Shareholders Equity & Dividend,Shareholders Equity by company,clustered column,Shareholders equity,לא מוגדר בעמוד,מאזן (משוער),Year(2025/2026); Quarter(Q1/Q2); Type(Cumulative/Incremental); Company,"Whole Market + שינוי %. הצלבה: הפניקס 13,126 = החוברת שלנו"
10,Overview,Shareholders Equity & Dividend,Total Paid Dividend,clustered column,Dividend paid in period,כולל דיבידנד בעין (מהערת עמ' 11),דוח על השינויים בהון / תזרים (משוער),Year(2025/2026); Quarter(Q1/Q2); Type(Cumulative/Incremental); Company,
11,Overview,Annualized Return on Equity *,ROE FY Q2 2026 (ranked),clustered bar,ROE | Adjusted ROE,ROE = Net Income / Adjusted equity. Adjusted equity = (הון פתיחה + הון סגירה + דיבידנד ששולם בתקופה)/2. לפני Q4 מחושב שנתי: מצטבר (1+ROE)^(4/N)-1; תוספתי (1+ROE)^4-1,רווח נקי + הון (משוער),Type; Add Adjusted ROE?; Company,ב-Q4 מוצג ROE לא משונתן
11,Overview,Annualized Return on Equity *,ROE FY Q2 2025 (ranked),clustered bar,ROE prior year,"כנ""ל","כנ""ל","כנ""ל","שני פאנלים זה לצד זה, שנה מול שנה"
12,Overview,Market Capitalization & Price to Book Ratio,Market Capitalization over time,line,"Market cap by company, 6 dates (29-05-25 .. 31-08-26)",שווי שוק במועד פרסום הדוח,מחירי שוק TASE (משוער),Company,"9 חברות נסחרות: Ayalon, Clal, Harel, IDI, Libra, Menora Holdings, Migdal, Phoenix, Wesure Globaltech"
12,Overview,Market Capitalization & Price to Book Ratio,Ranked multiple,clustered column,Price to Book Ratio | Price to Earnings Ratio (toggle),P/B = Market cap as of issue date / Shareholders Equity as of FS reporting date. P/E = Market cap as of issue date / Shareholders Net annualized Comprehensive Income,-,Year; Quarter,Whole Market P/E 12.6
13,Overview,CSM*,"CSM by company, stacked by segment",stacked column,CSM: Health | Life | Life and Health risk product,לא מוגדר בעמוד,ביאור חוזי ביטוח: יתרת CSM (משוער),Date(CSM 12.2025/03.2026/06.2026); Gross/Net; Adjusted?(No/Yes); Company,"Based on disclosures by reporting companies only. Clal: סך CSM נטו בלי פילוח למגזר. Menora: Life = LTS. Adjusted כולל EV של פנסיה וחוזי השקעה, שאינו IFRS"
13,Overview,CSM*,CSM QoQ Change,clustered column,QoQ % change in CSM,(CSM_t/CSM_t-1)-1,-,"כנ""ל",
14,Overview,Risk-Free Curves with Illiquidity Premiums,Curves by date,line,"Real risk-free curve, tenor 0-50",Type: Real RF / +50% ILP / +80% ILP / +100% ILP,עקום הרשות לשוק ההון (משוער),Type; Date(202503..202606); Period slider(1-50),"Glossary: LLP בשנה 25, אקסטרפולציה Smith-Wilson ל-UFR על 60 שנה"
14,Overview,Risk-Free Curves with Illiquidity Premiums,Change in discount rate *,stacked column,Impact of change in discount rate on Insurance Finance Income or Expenses,"כפי שמוצג על ידי כל חברה; כולל השפעת אינפלציה, נטו מביטוח משנה",ביאור הכנסות/הוצאות מימון ביטוח (משוער),Year; Quarter; Type; Segment(Health/LTS/P&C),Menora: כולל תת-מגזר ריסק חיים
15,P&C,Property & Casualty (menu),Section menu,buttons,-,-,-,-,10 עמודי משנה
16,P&C,Gross Written Premiums & Gross insurance Income*,Ranked bars,clustered column,Gross written premiums | Gross insurance service income (toggle),לא מוגדר בעמוד,"דוח דירקטוריון: פרמיות ברוטו; רו""ה: הכנסות משירותי ביטוח (משוער)",Select; Year; Quarter; Type; Line of Business: All Segments / Compulsory Motor / Casco Motor / Other insurance lines,Whole Market + YoY
16,P&C,Gross Written Premiums & Gross insurance Income*,YOY Growth - 2026,clustered column,YoY % GWP,(2026/2025)-1,-,"כנ""ל",
16,P&C,Gross Written Premiums & Gross insurance Income*,Market Share (GWP),donut,Market share by GWP,GWP חברה / GWP שוק,-,"כנ""ל",
17,P&C,Total Comprehensive Income Before Tax,Ranked bars,clustered column,TCI before tax - P&C | Adjusted,לא מוגדר בעמוד,ביאור מגזרים (משוער),Year; Quarter; Type; Add Adjusted? (No/Yes); Line of Business: All Segments / Compulsory Motor / Casco Motor / Other insurance lines; Company,"Phoenix+Menora: כולל הקצאת רווחי השקעה, מימון והוצאות תפעול אחרות ממגזר ההון למגזרי הביטוח"
18,P&C,Underwriting Profit Ratios,Net Underwriting Profit to Gross Insurance Service Income,bar,Net UW profit / Gross insurance service income,כשם המדד,"רו""ה מגזרי (משוער)",Year; Quarter; Type(Cumulative); Line of Business: All Segments / Compulsory Motor / Casco Motor / Other insurance lines; Company,קו Whole Market
18,P&C,Underwriting Profit Ratios,Total comprehensive income before tax to Gross Insurance Service Income,bar,TCI before tax / Gross insurance service income,כשם המדד,"כנ""ל","כנ""ל",
19,P&C,Total Comprehensive Income before Tax Breakdown (Net of reinsurance),Stacked by component + Whole Market,stacked column,Underwriting Profit | Financial Result | Other Insurance Operating Costs | Other,לא מוגדר בעמוד,"רו""ה מגזרי (משוער)",Year; Quarter; Type; Line of Business: All Segments / Compulsory Motor / Casco Motor / Other insurance lines; Company,"Phoenix+Menora: כולל הקצאת רווחי השקעה, מימון והוצאות תפעול אחרות ממגזר ההון למגזרי הביטוח"
20,P&C,Net Underwriting Profit Breakdown,Stacked by component + Whole Market,stacked column,Insurance Revenue | Insurance Expenses - Current | Insurance Expenses - Past | Change in LC | Acquisition costs | RI Costs,לא מוגדר בעמוד,ביאור הכנסות והוצאות משירותי ביטוח (משוער),Year(2025/2026); Quarter(Q1/Q2); Type(Cumulative/Incremental); Company,LC = Loss Component
21,P&C,Financial Margin Breakdown,Stacked by component + Whole Market,stacked column,Total net gains (losses) from investments | Accrued interest - gross | Effect of changes in interest and other financial assumptions | Others including reinsurance,לא מוגדר בעמוד,ביאור רווחי השקעות + מימון ביטוח (משוער),Year(2025/2026); Quarter(Q1/Q2); Type(Cumulative/Incremental); Company,"Phoenix+Menora: הקצאת רווחי השקעה ממגזר ההון, בתוך net gains. Harel: 'Others' כולל מרווח פיננסי של חברת ביטוח בחו""ל"
22,P&C,Current Claims and insurance expenses Ratio (Gross),Ranked bar incl. Whole Market,bar,Current claims ratio,Current claims and insurance service expenses (excluding acquisition costs) / Gross insurance service income,ביאור הוצאות שירותי ביטוח (משוער),Year; Quarter; Type(Cumulative); Line of Business: All Segments / Compulsory Motor / Casco Motor / Other insurance lines; Company,
23,P&C,Combined Ratio by Line of Business (Gross),Combined Ratio*,bar,Combined ratio (gross),Gross insurance expenses / Gross insurance revenue,"רו""ה מגזרי (משוער)",Year; Quarter; Type; Gross; Line of Business: All Segments / Compulsory Motor / Casco Motor / Other insurance lines; Company,
23,P&C,Combined Ratio by Line of Business (Gross),Combined Ratio (Excluding Insurance expenses related to past services)**,bar,Combined ratio ex past services,Gross insurance expenses excluding past services / Gross insurance revenue,"כנ""ל","כנ""ל",
24,P&C,Changes related to past services (claims) @ Gross level,Changes related to past services,clustered column,"Change in LIC for past services, NIS","+ התפתחות חיובית, - שלילית",גלגול LIC (משוער),Year; Quarter; Type; Line of Business: All Segments / Compulsory Motor / Casco Motor / Other insurance lines; Company,Phoenix: כולל שינויי אומדן מתקופות ביניים קודמות באותה שנת דיווח
24,P&C,Changes related to past services (claims) @ Gross level,...to LIC for the beginning of the year*,clustered column,Past-service change / opening LIC,שינוי בגין שירותי עבר / LIC לתחילת שנה,"כנ""ל","כנ""ל",
25,P&C,Risk Adjustment,Risk Adjustment,line+column,Risk adjustment balance,לא מוגדר בעמוד,ביאור חוזי ביטוח: RA (משוער),Year; Quarter; Type(Cumulative); Line of Business: All Segments / Compulsory Motor / Casco Motor / Other insurance lines; Company,Based on disclosures by reporting companies only. 9 חברות
25,P&C,Risk Adjustment,Risk Adjustment to Best Estimate,line+column,RA / Best estimate,כשם המדד,"כנ""ל","כנ""ל",
26,New Business,New Business Life and Health (menu),Section menu,buttons,-,-,-,-,3 עמודי משנה
27,New Business,Annualized Premiums,Stacked Health/Life by company,stacked column,Annualized premiums of new business: Health | Life,לא מוגדר בעמוד,דוח דירקטוריון / מצגת (משוער),Year; Quarter; Type; Line of business(Health/Life); Product(Participating savings component / Protection Policies / Individual Medical Expenses / Collective Medical Expenses / Other),
27,New Business,Annualized Premiums,Annualized Premiums YOY 2026,line+stacked column,YoY %,(2026/2025)-1,-,"כנ""ל",
27,New Business,Annualized Premiums,Annualized Premiums - Market Share,donut,Market share,חברה / שוק,-,"כנ""ל",
28,New Business,New Business CSM (Net of Reinsurance) *,New Business CSM,clustered column,CSM of new business,לא מוגדר בעמוד,גלגול CSM: חוזים שהוכרו לראשונה (משוער),Year; Quarter; Type; Sub Segment; Company,* Harel ו-Ayalon ברמת ברוטו. Based on disclosures by reporting companies only. 7 חברות
28,New Business,New Business CSM (Net of Reinsurance) *,YoY,clustered column,YoY %,(2026/2025)-1,-,"כנ""ל",
28,New Business,New Business CSM (Net of Reinsurance) *,Market Share,donut,Market share of new business CSM,חברה / שוק,-,"כנ""ל",
29,New Business,CSM Growth Ratio (Net of RI) *,Ranked bars,stacked column,CSM Growth Ratio,New Business CSM / CSM release,גלגול CSM (משוער),Year; Quarter; Type; Segment(All Segments); Company,* Harel ו-Ayalon ברוטו. 5 חברות מוצגות
30,Health,Health (menu),Section menu,buttons,-,-,-,-,9 עמודי משנה
31,Health,Gross Written Premiums & Gross insurance Income*,Ranked bars,clustered column,Gross written premiums | Gross insurance service income,לא מוגדר בעמוד,"דוח דירקטוריון + רו""ה מגזרי (משוער)",Select; Year; Quarter; Type; Line of Business: All Segments / Individual LTC / Collective LTC / Individual Medical Expenses / Collective Medical Expenses / Other,"Menora: 'All Segments' = סכימת מוצרי בריאות, אין מגזר בריאות נפרד"
31,Health,Gross Written Premiums & Gross insurance Income*,YOY Growth - 2026,clustered column,YoY % GWP,(2026/2025)-1,-,"כנ""ל",
31,Health,Gross Written Premiums & Gross insurance Income*,Market Share (GWP),donut,Market share,חברה / שוק,-,"כנ""ל",
32,Health,Total Comprehensive Income before Tax,Ranked bars,clustered column,TCI before tax - Health | Adjusted,לא מוגדר בעמוד,ביאור מגזרים (משוער),Year; Quarter; Type; Add Adjusted? (No/Yes); Line of Business: All Segments / Individual LTC / Collective LTC / Individual Medical Expenses / Collective Medical Expenses / Other; Company,"Menora: 'All Segments' = סכימת מוצרי בריאות, אין מגזר בריאות נפרד. Phoenix+Menora: כולל הקצאת רווחי השקעה, מימון והוצאות תפעול אחרות ממגזר ההון למגזרי הביטוח"
33,Health,Total Comprehensive Income before Tax Breakdown (Net of reinsurance),Stacked by component + Whole Market,stacked column,Underwriting Profit | Financial Result | Other Insurance Operating Costs | Other,לא מוגדר בעמוד,"רו""ה מגזרי (משוער)",Year; Quarter; Type; Line of Business: All Segments / Individual LTC / Collective LTC / Individual Medical Expenses / Collective Medical Expenses / Other; Company,"Phoenix+Menora: כולל הקצאת רווחי השקעה, מימון והוצאות תפעול אחרות ממגזר ההון למגזרי הביטוח. Other בסיעודי קבוצתי כולל דמי ניהול. Menora: 'All Segments' = סכימת מוצרי בריאות, אין מגזר בריאות נפרד"
34,Health,Underwriting Profit Breakdown,Stacked by component + Whole Market,stacked column,CSM Release | RA Release | Change in LC | Net income/expenses from held reinsurance contracts | Experience Adjustments and other | Losses (or reversals) for onerous contracts,לא מוגדר בעמוד,ביאור הכנסות משירותי ביטוח + גלגול CSM/RA (משוער),Year(2025/2026); Quarter(Q1/Q2); Type(Cumulative/Incremental); Company,Menora: כולל תת-מגזר מוצרי ריסק חיים
35,Health,Financial Margin Breakdown,Stacked by component + Whole Market,stacked column,Total net gains (losses) from investments | Accrued interest - gross | Effect of changes in interest and other financial assumptions | Others including reinsurance,לא מוגדר בעמוד,ביאור רווחי השקעות + מימון ביטוח (משוער),Year(2025/2026); Quarter(Q1/Q2); Type(Cumulative/Incremental); Company,Phoenix+Menora: הקצאה ממגזר ההון. Menora: כולל ריסק חיים
36,Health,Underwriting profit to Insurance Revenue,Ranked bar,bar,UW profit / insurance revenue,כשם המדד,"רו""ה מגזרי (משוער)",Year; Quarter; Type; Value(Gross/Net); Line of Business: All Segments / Individual LTC / Collective LTC / Individual Medical Expenses / Collective Medical Expenses / Other; Company,"Menora: 'All Segments' = סכימת מוצרי בריאות, אין מגזר בריאות נפרד"
37,Health,CSM Release to Gross Underwriting Profit,Ranked bar,bar,CSM release / gross UW profit,כשם המדד,"גלגול CSM + רו""ה מגזרי (משוער)",Year(2025/2026); Quarter(Q1/Q2); Type(Cumulative/Incremental); Company,Menora: כולל ריסק חיים
38,Health,Loss Ratio *,Loss Ratio,clustered column,Loss ratio,Current Claims and Expenses / Gross insurance service income,ביאור הוצאות שירותי ביטוח (משוער),Year; Quarter; Type; Line of Business: All Segments / Individual LTC / Collective LTC / Individual Medical Expenses / Collective Medical Expenses / Other; Company,"ירידה = שיפור. Menora: 'All Segments' = סכימת מוצרי בריאות, אין מגזר בריאות נפרד"
38,Health,Loss Ratio *,Percentage Point YoY 2026,clustered column,"YoY change in loss ratio, pp",LR_2026 - LR_2025,-,"כנ""ל",
39,Health,Changes related to past services to LIC (Gross)*,Changes related to past services,clustered column,"Change in LIC for past services, NIS","+ חיובי, - שלילי",גלגול LIC (משוער),Year; Quarter; Type; Line of Business: All Segments / Individual LTC / Collective LTC / Individual Medical Expenses / Collective Medical Expenses / Other; Company,"Phoenix: כנ""ל עמ' 24. Menora: 'All Segments' = סכימת מוצרי בריאות, אין מגזר בריאות נפרד"
39,Health,Changes related to past services to LIC (Gross)*,...to LIC for the beginning of the year*,clustered column,Past-service change / opening LIC,כשם המדד,"כנ""ל","כנ""ל",
40,Life,Life (menu),Section menu,buttons,-,-,-,-,11 עמודי משנה
41,Life,Gross Written Premiums & Gross insurance Income*,Ranked bars,clustered column,Gross written premiums | Gross insurance service income,לא מוגדר בעמוד,"דוח דירקטוריון + רו""ה מגזרי (משוער)",Select; Year; Quarter; Type; Line of Business: All Segments / Non-participating savings component / Participating savings component / Protection Policies,"Menora: 'All Segments' = סכימת מוצרי חיים, מגזר LTS בלבד"
41,Life,Gross Written Premiums & Gross insurance Income*,YOY Growth - 2026,clustered column,YoY % GWP,(2026/2025)-1,-,"כנ""ל",
41,Life,Gross Written Premiums & Gross insurance Income*,Market Share (GWP),donut,Market share,חברה / שוק,-,"כנ""ל",
42,Life,Total Comprehensive Income before Tax,Ranked bars,clustered column,TCI before tax - Life | Adjusted,לא מוגדר בעמוד,ביאור מגזרים (משוער),Year; Quarter; Type; Add Adjusted? (No/Yes); Line of Business: All Segments / Non-participating savings component / Participating savings component / Protection Policies; Company,"Menora: 'All Segments' = סכימת מוצרי חיים, מגזר LTS בלבד. Phoenix+Menora: כולל הקצאת רווחי השקעה, מימון והוצאות תפעול אחרות ממגזר ההון למגזרי הביטוח"
43,Life,Total Comprehensive Income before Tax Breakdown (Net of reinsurance),Stacked by component + Whole Market,stacked column,Underwriting Profit | Financial Result | Other Insurance Operating Costs | Other,לא מוגדר בעמוד,"רו""ה מגזרי (משוער)",Year; Quarter; Type; Line of Business: All Segments / Non-participating savings component / Participating savings component / Protection Policies; Company,"Phoenix+Menora: כולל הקצאת רווחי השקעה, מימון והוצאות תפעול אחרות ממגזר ההון למגזרי הביטוח. Menora: 'All Segments' = סכימת מוצרי חיים, מגזר LTS בלבד. Hachshara: Other = תוצאות מגזר הבריאות"
44,Life,Underwriting Profit Breakdown,Stacked by component + Whole Market,stacked column,CSM Release | RA Release | Experience Adjustments and other | Net income/expenses from held reinsurance | Change in LC | Losses (or reversals) for onerous contracts,לא מוגדר בעמוד,ביאור הכנסות משירותי ביטוח + גלגול CSM/RA (משוער),Year(2025/2026); Quarter(Q1/Q2); Type(Cumulative/Incremental); Company,Menora: LTS בלבד; פירוק רווח חיתומי של מוצרי ריסק חיים נכלל בבריאות
45,Life,Financial Margin Breakdown,Stacked by component + Whole Market,stacked column,Total net gains (losses) from investments | Accrued interest - gross | Effect of changes in interest and other financial assumptions | Others including reinsurance,"Net gains לא כולל סכומים המיוחסים לעמיתי פוליסות משתתפות וחוזי השקעה (נוטרלו גם ממימון ביטוח); כולל שינוי שווי הוגן של אג""ח מיועדות",ביאור רווחי השקעות + מימון ביטוח (משוער),Year(2025/2026); Quarter(Q1/Q2); Type(Cumulative/Incremental); Company,Phoenix+Menora: הקצאה ממגזר ההון. Menora: LTS בלבד; פירוק רווח חיתומי של מוצרי ריסק חיים נכלל בבריאות
46,Life,Experience Adjustments Breakdown,Stacked by component + Whole Market,stacked column,Claims & Expenses Variance | Premiums Experience Adjustments,Claims & Expenses Variance = Claims and other insurance service expenses incurred - Expected claims and insurance service expenses incurred,ביאור הכנסות משירותי ביטוח: צפוי מול בפועל (משוער),Year(2025/2026); Quarter(Q1/Q2); Type(Cumulative/Incremental); Company,Menora: LTS בלבד; פירוק רווח חיתומי של מוצרי ריסק חיים נכלל בבריאות
47,Life,Claims & Expenses Experience Adjustments ratio*,Ranked bars,stacked column,Actual-to-expected ratio,Claims and other insurance service expenses incurred / Expected claims and insurance service expenses incurred,"כנ""ל",Year(2025/2026); Quarter(Q1/Q2); Type(Cumulative/Incremental); Company,Whole Market 103.6%. Menora: LTS בלבד; פירוק רווח חיתומי של מוצרי ריסק חיים נכלל בבריאות
48,Life,Underwriting Profit to Insurance revenue,Ranked bar,bar,UW profit / insurance revenue,כשם המדד,"רו""ה מגזרי (משוער)",Year; Quarter; Type; Gross/Net; Line of Business: All Segments / Non-participating savings component / Participating savings component / Protection Policies; Company,Menora: LTS בלבד; פירוק רווח חיתומי של מוצרי ריסק חיים נכלל בבריאות. Hachshara: מגזרי חיים בלבד
49,Life,CSM Release & Experience Adjustments to Gross Underwriting Profit,CSM Release to Gross Underwriting Profit,bar,CSM release / gross UW profit,כשם המדד,"גלגול CSM + רו""ה מגזרי (משוער)",Year(2025/2026); Quarter(Q1/Q2); Type(Cumulative/Incremental); Company,Menora: LTS בלבד; פירוק רווח חיתומי של מוצרי ריסק חיים נכלל בבריאות
49,Life,CSM Release & Experience Adjustments to Gross Underwriting Profit,Experience Adjustments to Gross underwriting profit,bar,Experience adjustments / gross UW profit,כשם המדד,"כנ""ל",Year(2025/2026); Quarter(Q1/Q2); Type(Cumulative/Incremental); Company,
50,Life,Changes related to past services to LIC,Changes related to past services,clustered column,"Change in LIC for past services, NIS","+ חיובי, - שלילי",גלגול LIC (משוער),Year; Quarter; Type; Line of Business: All Segments / Non-participating savings component / Participating savings component / Protection Policies; Company,"Phoenix: כנ""ל עמ' 24. Menora: 'All Segments' = סכימת מוצרי חיים, מגזר LTS בלבד. Hachshara: מגזרי חיים בלבד"
50,Life,Changes related to past services to LIC,...to LIC for the beginning of the year*,clustered column,Past-service change / opening LIC,כשם המדד,"כנ""ל","כנ""ל",
51,Life,Protection Policies Loss Ratio *,Loss Ratio (Protection policies),clustered column,Loss ratio - protection,Current Claims and Expenses / Gross insurance service income,ביאור הוצאות שירותי ביטוח (משוער),Year(2025/2026); Quarter(Q1/Q2); Type(Cumulative/Incremental); Company,Whole Market 72.1%
51,Life,Protection Policies Loss Ratio *,Percentage Point YoY,clustered column,"YoY change, pp",LR_2026 - LR_2025,-,Year(2025/2026); Quarter(Q1/Q2); Type(Cumulative/Incremental); Company,
52,Investment Contracts,Investments Contracts (menu),Section menu,buttons,-,-,-,-,2 עמודי משנה
53,Investment Contracts,Investments contracts AUM,AUM @ the end of the selected Quarter,clustered column,AUM of investment contracts,לא מוגדר בעמוד,דוח דירקטוריון / ביאור חוזי השקעה (משוער),Year; Quarter; Company,8 חברות. Whole Market 156.3 מיליארד
53,Investment Contracts,Investments contracts AUM,% Quarter Change,clustered column,QoQ %,(AUM_t/AUM_t-1)-1,-,Year; Quarter; Company,
54,Investment Contracts,Investments Contracts - KPIs,Management fees to Avg. Aum,clustered bar,Management fees / average AUM,כשם המדד,"רו""ה מגזר חוזי השקעה (משוער)",Year; Quarter; Label(Value/YoY); Company,טווח נצפה 0.3%-0.4%
54,Investment Contracts,Investments Contracts - KPIs,Operating expenses Ratio to management fees,clustered bar,Operating expenses / management fees,כשם המדד,"כנ""ל","כנ""ל",מוצג כשלילי
54,Investment Contracts,Investments Contracts - KPIs,Profit-to-management fee ratio,clustered bar,Profit / management fees,כשם המדד,"כנ""ל","כנ""ל",
55,Contact,Contact Us,EY contacts,text,-,-,-,-,אנשי קשר ב-EY FSO. הצילום לא נשמר במאגר
56,Annex,Annex (cover),-,-,-,-,-,-,
57,Annex,Adjusted profit Principles,Clal + Harel,text (image),Adjusted profit definition per company,תרגום נוחות; המחייב הוא דוח הדירקטוריון של כל חברה,דוח דירקטוריון,-,"Clal: Core Business Profit (כולל מרווח פיננסי מנורמל: RF + 2.25% שנתי; 2.5% מ-Q4 2025), Excess Financial Margin, Adjustments. Harel: adjusted profit לפי RF נומינלי לתחילת תקופה + 2% על תיק הנוסטרו; special effects מנוטרלים. יש לאמת מול דוח הדירקטוריון לפני שימוש"
58,Annex,Adjusted profit Principles,Migdal,text (image),Adjusted profit definition per company,תרגום נוחות; המחייב הוא דוח הדירקטוריון של כל חברה,דוח דירקטוריון,-,"Profit from core activities (insurance services, normalized investment return RF+2%), Excess financial margin, special items. צילום ברזולוציה נמוכה, לא נקרא במלואו. יש לאמת מול דוח הדירקטוריון לפני שימוש"
59,Annex,Adjusted profit Principles,Menora,text (image),Adjusted profit definition per company,תרגום נוחות; המחייב הוא דוח הדירקטוריון של כל חברה,דוח דירקטוריון,-,הפרדת תוצאות תפעוליות מתוצאות פיננסיות ו-special effects. צילום ברזולוציה נמוכה. יש לאמת מול דוח הדירקטוריון לפני שימוש
60,Annex,Adjusted profit Principles,Phoenix,text (image),Adjusted profit definition per company,תרגום נוחות; המחייב הוא דוח הדירקטוריון של כל חברה,דוח דירקטוריון,-,"Core לפי תשואה מנורמלת: RF + 2.50% (2.25% לפני Q4 2025, לפי הקריא). צילום ברזולוציה נמוכה. יש לאמת מול דוח הדירקטוריון לפני שימוש"
61,Annex,Adjusted profit Principles,Wesure Globaltech (Ayalon & Wesure Insurance),text (image),Adjusted profit definition per company,תרגום נוחות; המחייב הוא דוח הדירקטוריון של כל חברה,דוח דירקטוריון,-,"Core Business Profit, Financial Margin, Special Effects. צילום ברזולוציה נמוכה. יש לאמת מול דוח הדירקטוריון לפני שימוש"
62,Annex,Glossary,Definitions,text,"CSM, RA, ROE, RF, LC, RI, LIC",הגדרות סטנדרטיות,-,-,"RF: עקום מבוסס אג""ח ממשלתי, LLP שנה 25, Smith-Wilson ל-UFR"
